{"cameraMode":{"drawMode":0,"name":"Shaded","section":"Shading Mode"},"sceneLighting":true,"audioPlay":false,"sceneViewState":{"m_AlwaysRefresh":false,"showFog":true,"showSkybox":true,"showFlares":true,"showImageEffects":true,"showParticleSystems":true,"showVisualEffectGraphs":true,"m_FxEnabled":true},"in2DMode":false,"pivot":{"x":3.0152034759521486,"y":3.2390012741088869,"z":-2.3998327255249025},"rotation":{"x":0.0011693479027599097,"y":0.9949169754981995,"z":0.011631514877080918,"w":-0.10002446919679642},"size":3.467987537384033,"orthographic":false}